[
    {
        "date": "2022-07-19",
        "city": "כפר סבא",
        "day": "שלישי",
        "startHour": "17:00",
        "activityType": "הפעלות ילדים",
        "category": "ילדים",
        "details": "הפנינג מים בירוקה - תותח קצף, מתחמי פעילות מים, מתחם ג'אגלינג ועוד. בחורשת הבנים שכונת 80",
        "url": "https://www.kfar-saba.muni.il/events/1625/"
    },
    {
        "date": "2022-07-19",
        "city": "חולון",
        "day": "שלישי",
        "startHour": "19:30",
        "activityType": "סרט",
        "category": "ילדים",
        "details": "קולנוע פתוח תחת כיפת השמיים במתחם הספורט בריזה. הסרט קרקס החיות (מדובב)",
        "url": "https://www.holon.muni.il/Lists/List2/CustomDispForm.aspx?ID=2529"
    },
    {
        "date": "2022-07-19",
        "city": "ראשון לציון",
        "day": "שלישי",
        "startHour": "17:30",
        "activityType": "הפעלות ילדים",
        "category": "ילדים",
        "details": "מסיבות גן בגנים ציבוריים - מופעים, מתנפחים, סדנאות ועוד. רשימת הגינות בפרטים הנוספים ",
        "url": "https://www.rishonlezion.muni.il/Lists/List3/CustomDispForm.aspx?ID=3042"
    },
    {
        "date": "2022-07-19",
        "city": "רמת השרון",
        "day": "שלישי",
        "startHour": "17:00",
        "activityType": "הפעלות ילדים",
        "category": "ילדים",
        "details": "הפנינג מוזיקלי לכל המשפחה עם תחנות הפעלה מוסיקליות בגן אהרון נווה גן",
        "url": "https://online.fliphtml5.com/glhma/zfqm/?fbclid=IwAR0ZmITFvoA5a8M8Y3FxKnWT5qRq0kbWtJx7BtX9YIAKsEHe3HsEKj254io#p=20"
    },
    {
        "date": "2022-07-19",
        "city": "רעננה",
        "day": "שלישי",
        "startHour": "18:00",
        "activityType": "סרט",
        "category": "ילדים",
        "details": "משאית הסרטים של רעננה: הסרט ריה והדרקון האחרון בגינת הרדוף",
        "url": "https://tickets.raanana.muni.il/%D7%A1%D7%93%D7%A8%D7%AA_%D7%A1%D7%A8%D7%98%D7%99%D7%9D_%D7%A2%D7%9C_%D7%92%D7%9C%D7%92%D7%9C%D7%99%D7%9D_%D7%91%D7%A9%D7%9B%D7%95%D7%A0%D7%95%D7%AA_"
    },
    {
        "date": "2022-07-19",
        "city": "נתניה",
        "day": "שלישי",
        "startHour": "18:00",
        "activityType": "הופעה",
        "category": "משפחה",
        "details": "מופע שקיעה טיפקס בחוף פולג במסגרת אירועי המכביה (יש להירשם מראש כניסה חופשית)",
        "url": "https://www.netanya.muni.il/City/Events/Pages/tipex190722.aspx"
    },
    {
        "date": "2022-07-19",
        "city": "תל אביב",
        "day": "שלישי",
        "startHour": "20:00",
        "activityType": "סרט",
        "category": "מבוגרים",
        "details": "סרטי דוקאביב תחת כיפת השמיים בפארק התחנה - חסד מופלא: אריתה פרנקלין. קול אחד שהוא הכל",
        "url": "https://www.facebook.com/events/564266732013276/564266745346608?ref=newsfeed"
    },
    {
        "date": "2022-07-19",
        "city": "תל אביב",
        "day": "שלישי",
        "startHour": "20:30",
        "activityType": "הופעה",
        "category": "מבוגרים",
        "details": "הופעות קיץ בשוק הפשפשים - נועה דרזנר (פלמנקו)",
        "url": "https://www.tel-aviv.gov.il/Pages/MainItemPage.aspx?WebID=3af57d92-807c-43c5-8d5f-6fd455eb2776&ListID=969f7de3-0ac9-4a30-88f0-2e1a7281f3d0&ItemID=33808"
    },
    {
        "date": "2022-07-19",
        "city": "תל אביב",
        "day": "שלישי",
        "startHour": "18:30",
        "activityType": "מופע מוזיקלי",
        "category": "משפחה",
        "details": "מופע תיאטרון מוזיקלי לכל המשפחה באמפי הטריבונה בנמל תל אביב - ווימבה סימבה שירת האריות",
        "url": "https://www.namal.co.il/events/%d7%9e%d7%95%d7%a4%d7%a2%d7%99-%d7%aa%d7%99%d7%90%d7%98%d7%a8%d7%95%d7%9f-%d7%9e%d7%95%d7%96%d7%99%d7%a7%d7%9c%d7%99%d7%99%d7%9d-%d7%9c%d7%9b%d7%9c-%d7%94%d7%9e%d7%a9%d7%a4%d7%97%d7%94-%d7%91%d7%aa/"
    },
    {
        "date": "2022-07-19",
        "city": "בת ים",
        "day": "שלישי",
        "startHour": "20:30",
        "activityType": "סרט",
        "category": "מבוגרים",
        "details": "סרט נע - הקרנת הסרט אפס ביחסי אנוש ומפגש עם היוצרת, על הדשא שסמוך למוזיאון לאומנות עכשוית",
        "url": "https://www.coing.co/BatYam_Summer/62331"
    },
    {
        "date": "2022-07-19",
        "city": "מודיעין",
        "day": "שלישי",
        "startHour": "20:00",
        "activityType": "סרט",
        "category": "ילדים",
        "details": "הקרנת סרט על מסך ענק בפארק ענבה: פלונטר",
        "url": "https://www.modiin.muni.il/ModiinWebSite/ArticlePage.aspx?PageID=1435_9433"
    },
    {
        "date": "2022-07-20",
        "city": "ראשון לציון",
        "day": "רביעי",
        "startHour": "18:00",
        "activityType": "סרט",
        "category": "ילדים",
        "details": "הקרנת סרט על מסך ענק - ספייס - בגן מזיא",
        "url": "https://user-1723486.cld.bz/rishonlezion-summer-2022/8/"
    },
    {
        "date": "2022-07-20",
        "city": "ראשון לציון",
        "day": "רביעי",
        "startHour": "20:00",
        "activityType": "סרט",
        "category": "ילדים",
        "details": "הקרנת סרט על מסך ענק - בייבי בוס - בגן מזיא",
        "url": "https://user-1723486.cld.bz/rishonlezion-summer-2022/8/"
    },
    {
        "date": "2022-07-20",
        "city": "רמת השרון",
        "day": "רביעי",
        "startHour": "17:00",
        "activityType": "הפעלות ילדים",
        "category": "ילדים",
        "details": "הפנינג קיץ עם מגלשות מים, תותח קצף ומוזיקה בגינת הטבק",
        "url": "https://online.fliphtml5.com/glhma/zfqm/?fbclid=IwAR1zke_nvzBC3ipwARIGo-e3uOEMZ640j0dTScNIYNNKFQvqNTK6cLAcd5Y#p=24"
    },
    {
        "date": "2022-07-20",
        "city": "תל אביב",
        "day": "רביעי",
        "startHour": "17:30",
        "activityType": "הצגה",
        "category": "ילדים",
        "details": "הצגת ילדים - בגדי המלך החדשים - במרכז קהילתי צהלה בשכונת המשתלה",
        "url": "https://www.tel-aviv.gov.il/Pages/MainItemPage.aspx?WebID=3af57d92-807c-43c5-8d5f-6fd455eb2776&ListID=969f7de3-0ac9-4a30-88f0-2e1a7281f3d0&ItemID=33492"
    },
    {
        "date": "2022-07-20",
        "city": "תל אביב",
        "day": "רביעי",
        "startHour": "17:30",
        "activityType": "הצגה",
        "category": "ילדים",
        "details": "הצגת ילדים - חברים על הגשר - של תיאטרון אורנה פורת לילדים במרכז קהילתי רוזין",
        "url": "https://www.tel-aviv.gov.il/Pages/MainItemPage.aspx?WebID=3af57d92-807c-43c5-8d5f-6fd455eb2776&ListID=969f7de3-0ac9-4a30-88f0-2e1a7281f3d0&ItemID=34126"
    },
    {
        "date": "2022-07-20",
        "city": "תל אביב",
        "day": "רביעי",
        "startHour": "17:30",
        "activityType": "הצגה",
        "category": "ילדים",
        "details": "הצגת ילדים - אורחת פורחת - בנחלת יצחק",
        "url": "https://www.tel-aviv.gov.il/Pages/MainItemPage.aspx?WebID=3af57d92-807c-43c5-8d5f-6fd455eb2776&ListID=969f7de3-0ac9-4a30-88f0-2e1a7281f3d0&ItemID=33206"
    },
    {
        "date": "2022-07-20",
        "city": "הרצליה",
        "day": "רביעי",
        "startHour": "18:00",
        "activityType": "סרט",
        "category": "ילדים",
        "details": "סרט ילדים - לוקה -ברחבת שער העיר",
        "url": "https://www.herzliya.muni.il/events/2872/"
    },
    {
        "date": "2022-07-20",
        "city": "תל אביב",
        "day": "רביעי",
        "startHour": "20:30",
        "activityType": "הופעה",
        "category": "מבוגרים",
        "details": "פורט לייב מיוזיק בנמל תל אביב. הופעה של הדג נחש ברחבת הדק המרכזי ליד הקרוסלה",
        "url": "https://www.namal.co.il/events/%d7%a4%d7%95%d7%a8%d7%98-%d7%9c%d7%99%d7%99%d7%91-%d7%9e%d7%99%d7%95%d7%96%d7%99%d7%a7/"
    },
    {
        "date": "2022-07-20",
        "city": "תל אביב",
        "day": "רביעי",
        "startHour": "21:00",
        "activityType": "סרט",
        "category": "משפחה",
        "details": "קולנוע ביפו העתיקה - הסרט טריפ נעורים - אמפי תירוש בגן הפסגה",
        "url": "https://www.tel-aviv.gov.il/Pages/MainItemPage.aspx?WebID=3af57d92-807c-43c5-8d5f-6fd455eb2776&ListID=969f7de3-0ac9-4a30-88f0-2e1a7281f3d0&ItemID=33548"
    },
    {
        "date": "2022-07-20",
        "city": "יהוד",
        "day": "רביעי",
        "startHour": "18:00",
        "activityType": "סרט",
        "category": "ילדים",
        "details": "סרט ילדים במרכז ביג יהוד (קומה 2 ליד המסעדות) מפלצות בשלג (פופקורן וברד חינם)",
        "url": "https://lpc.fixdigital.co.il/BIG_yahud_movies/?fbclid=IwAR2_eHvgf3NPqtNTPsjlAVMc7FkcTxzup7Caw_OVM6Ng4HbJ52Pe9EpIcxs"
    },
    {
        "date": "2022-07-20",
        "city": "רמת גן",
        "day": "רביעי",
        "startHour": "17:00",
        "activityType": "הפעלות ילדים",
        "category": "ילדים",
        "details": "מתנפחים והפעלות לילדים בגן גני מרום (מרום נוה)",
        "url": "https://www.ramat-gan.muni.il/files/ramatgani-2022-summer-events/10/"
    },
    {
        "date": "2022-07-20",
        "city": "רמת גן",
        "day": "רביעי",
        "startHour": "17:00",
        "activityType": "הפעלות ילדים",
        "category": "ילדים",
        "details": "מתנפחים והפעלות לילדים במגרש מכבי (רחוב אלימלך - מרכז העיר)",
        "url": "https://www.ramat-gan.muni.il/files/ramatgani-2022-summer-events/10/"
    },
    {
        "date": "2022-07-20",
        "city": "רמת גן",
        "day": "רביעי",
        "startHour": "17:00",
        "activityType": "הפעלות ילדים",
        "category": "ילדים",
        "details": "ישראל והגיטרה בגן יהודה (חשמונאים)",
        "url": "https://www.ramat-gan.muni.il/files/ramatgani-2022-summer-events/10/"
    },
    {
        "date": "2022-07-20",
        "city": "רעננה",
        "day": "רביעי",
        "startHour": "17:30",
        "activityType": "הופעה",
        "category": "ילדים",
        "details": "סאמר וייבס בקניון רננים - הופעה של מני ממטרה",
        "url": "https://www.renanim.co.il/event/%d7%9e%d7%a0%d7%99-%d7%9e%d7%9e%d7%98%d7%a8%d7%94/"
    },
    {
        "date": "2022-07-20",
        "city": "מודיעין",
        "day": "רביעי",
        "startHour": "17:00",
        "activityType": "הפעלות ילדים",
        "category": "ילדים",
        "details": "רביעי קסום בסחלבים - הפנינג עם מופע פנטומימה ואקרובטיקה, סדנאות יצירה ועוד, באמפי עמק האלה",
        "url": "https://www.modiin.muni.il/ModiinWebSite/ArticlePage.aspx?PageID=1435_9433"
    },
    {
        "date": "2022-07-21",
        "city": "חולון",
        "day": "חמישי",
        "startHour": "19:30",
        "activityType": "סרט",
        "category": "ילדים",
        "details": "קולנוע פתוח תחת כיפת השמיים במתחם הספורט בריזה. הסרט קדימה (מדובב)",
        "url": "https://www.holon.muni.il/Lists/List2/CustomDispForm.aspx?ID=2529"
    },
    {
        "date": "2022-07-21",
        "city": "ראשון לציון",
        "day": "חמישי",
        "startHour": "17:30",
        "activityType": "הפעלות ילדים",
        "category": "ילדים",
        "details": "היער הקסום בגן המושבה. מופע בועות, הצגת ילדים, מתנפחים, סדנאות יצירה ועוד",
        "url": "https://user-1723486.cld.bz/rishonlezion-summer-2022/10/"
    },
    {
        "date": "2022-07-21",
        "city": "רמת השרון",
        "day": "חמישי",
        "startHour": "20:30",
        "activityType": "הופעה",
        "category": "מבוגרים",
        "details": "מסיבת שנות השמונים עם להקת אומהגומה בפארק הנצח",
        "url": "https://ramat-hasharon.muni.il/events/%d7%9e%d7%a1%d7%99%d7%91%d7%aa-%d7%a9%d7%a0%d7%95%d7%aa-%d7%94%d7%a9%d7%9e%d7%95%d7%a0%d7%99%d7%9d-%d7%9c%d7%94%d7%a7%d7%aa-%d7%90%d7%95%d7%9e%d7%94%d7%92%d7%95%d7%9e%d7%94/"
    },
    {
        "date": "2022-07-21",
        "city": "גבעתיים",
        "day": "חמישי",
        "startHour": "17:00",
        "activityType": "הפעלות ילדים",
        "category": "ילדים",
        "details": "משחקים הפעלות ומופע מוזיקלי בגן סולד",
        "url": "https://www.givatayim.muni.il/1104/"
    },
    {
        "date": "2022-07-21",
        "city": "רעננה",
        "day": "חמישי",
        "startHour": "17:00",
        "activityType": "הפעלות ילדים",
        "category": "משפחה",
        "details": "יום ספורט הורים וילדים בפארק רעננה - תחנות פעילות, בועות סבון, משחקי חשיבה, בועות סבון ועוד",
        "url": "https://computing.activetrail.biz/RaananaSportSummer2022"
    },
    {
        "date": "2022-07-21",
        "city": "תל אביב",
        "day": "חמישי",
        "startHour": "18:00",
        "activityType": "הופעה",
        "category": "משפחה",
        "details": "שרונה חי בפארק - יריד מעצבים והופעה של ערן צור ",
        "url": "https://www.tel-aviv.gov.il/Pages/MainItemPage.aspx?WebID=3af57d92-807c-43c5-8d5f-6fd455eb2776&ListID=969f7de3-0ac9-4a30-88f0-2e1a7281f3d0&ItemID=32300"
    },
    {
        "date": "2022-07-21",
        "city": "תל אביב",
        "day": "חמישי",
        "startHour": "17:30",
        "activityType": "הצגה",
        "category": "משפחה",
        "details": "קרקס החנונים - מופע אקרובטיקה וליצנות בפארק חורשות (דרך בן צבי)",
        "url": "https://www.tel-aviv.gov.il/Pages/MainItemPage.aspx?WebID=3af57d92-807c-43c5-8d5f-6fd455eb2776&ListID=969f7de3-0ac9-4a30-88f0-2e1a7281f3d0&ItemID=34197"
    },
    {
        "date": "2022-07-21",
        "city": "תל אביב",
        "day": "חמישי",
        "startHour": "19:30",
        "activityType": "הופעה",
        "category": "משפחה",
        "details": "עינת שרוף בהופעה על הדשא בגינה של מרכז קהילתי בית פרנקפורט (הדר יוסף)",
        "url": "https://www.tel-aviv.gov.il/Pages/MainItemPage.aspx?WebID=3af57d92-807c-43c5-8d5f-6fd455eb2776&ListID=969f7de3-0ac9-4a30-88f0-2e1a7281f3d0&ItemID=33231"
    },
    {
        "date": "2022-07-21",
        "city": "מודיעין",
        "day": "חמישי",
        "startHour": "18:00",
        "activityType": "הופעה",
        "category": "ילדים",
        "details": "ענבה קידס - הופעת ילדים של רוי בוי בפארק ענבה",
        "url": "https://www.modiin.muni.il/ModiinWebSite/ArticlePage.aspx?PageID=1435_9433"
    },
    {
        "date": "2022-07-22",
        "city": "כפר סבא",
        "day": "שישי",
        "startHour": "09:30",
        "activityType": "הפעלות ילדים",
        "category": "ילדים",
        "details": "הפנינג מים לגיל הרך ברחוב וייצמן 135. גיגיות מים, בועות סבון, מזרקות מים ועוד",
        "url": "https://www.kfar-saba.muni.il/events/1626/"
    },
    {
        "date": "2022-07-22",
        "city": "יפו",
        "day": "שישי",
        "startHour": "13:00",
        "activityType": "הופעה",
        "category": "משפחה",
        "details": "שישי LIVE בנמל יפו. הופעה חיה על המזח: היהודים",
        "url": "https://www.facebook.com/events/427606915641929/?active_tab=discussion"
    },
    {
        "date": "2022-07-23",
        "city": "ראשון לציון",
        "day": "שבת",
        "startHour": "10:30",
        "activityType": "הפעלות ילדים",
        "category": "ילדים",
        "details": "היער הקסום בגן המושבה. מופע תיאטרון בובות, מתנפחים,איפור פנים, סדנאות יצירה ועוד",
        "url": "https://www.rishonlezion.muni.il/Lists/List3/CustomDispForm.aspx?ID=3066"
    },
    {
        "date": "2022-07-23",
        "city": "הרצליה",
        "day": "שבת",
        "startHour": "19:00",
        "activityType": "הופעה",
        "category": "מבוגרים",
        "details": "קונצרט מחווה לקווין בפארק הרצליה",
        "url": "https://www.herzliya.muni.il/events/2863/"
    },
    {
        "date": "2022-07-23",
        "city": "יהוד",
        "day": "שבת",
        "startHour": "11:00",
        "activityType": "סרט",
        "category": "ילדים",
        "details": "סרט ילדים במרכז ביג יהוד (קומה 2 ליד המסעדות) פיטר ראביט 2 (פופקורן וברד חינם)",
        "url": "https://lpc.fixdigital.co.il/BIG_yahud_movies/?fbclid=IwAR2_eHvgf3NPqtNTPsjlAVMc7FkcTxzup7Caw_OVM6Ng4HbJ52Pe9EpIcxs"
    },
    {
        "date": "2022-07-23",
        "city": "רמת גן",
        "day": "שבת",
        "startHour": "16:00",
        "activityType": "הפעלות ילדים",
        "category": "ילדים",
        "details": "מתנפחי מים בכיכר שניצר מתחם הבורסה ",
        "url": "https://www.facebook.com/bursa.ramat.gan/"
    },
    {
        "date": "2022-07-23",
        "city": "תל אביב",
        "day": "שבת",
        "startHour": "20:30",
        "activityType": "הופעה",
        "category": "מבוגרים",
        "details": "צלילי קיץ ברחבת המשכן לאומניות הבמה - התזמורת הקאמרית הישראלית בלהיטי ברודווי ואופרה ",
        "url": "https://www.facebook.com/events/1382839638860200/?active_tab=discussion"
    },
    {
        "date": "2022-07-24",
        "city": "ראשון לציון",
        "day": "ראשון",
        "startHour": "18:00",
        "activityType": "סרט",
        "category": "ילדים",
        "details": "הקרנת סרט על מסך ענק - קדימה - ברחבת מתנס שיכוני מזרח",
        "url": "https://www.rishonlezion.muni.il/Lists/List3/CustomDispForm.aspx?ID=3050"
    },
    {
        "date": "2022-07-24",
        "city": "ראשון לציון",
        "day": "ראשון",
        "startHour": "20:00",
        "activityType": "סרט",
        "category": "ילדים",
        "details": "הקרנת סרט על מסך ענק - פיטר ראביט - ברחבת מתנס שיכוני מזרח",
        "url": "https://www.rishonlezion.muni.il/Lists/List3/CustomDispForm.aspx?ID=3050"
    },
    {
        "date": "2022-07-24",
        "city": "רמת גן",
        "day": "ראשון",
        "startHour": "17:00",
        "activityType": "הפעלות ילדים",
        "category": "ילדים",
        "details": "הפעלות וסדנאות לילדים בכפר אזר - יד לבנים",
        "url": "https://www.ramat-gan.muni.il/files/ramatgani-2022-summer-events/10/"
    },
    {
        "date": "2022-07-24",
        "city": "רמת גן",
        "day": "ראשון",
        "startHour": "17:00",
        "activityType": "הפעלות ילדים",
        "category": "ילדים",
        "details": "מתנפחים והפעלות לילדים בגן זהירות (שיכון ותיקים)",
        "url": "https://www.ramat-gan.muni.il/files/ramatgani-2022-summer-events/10/"
    },
    {
        "date": "2022-07-24",
        "city": "נתניה",
        "day": "ראשון",
        "startHour": "20:00",
        "activityType": "סרט",
        "category": "ילדים",
        "details": "סרט ילדים ברחבת הפארק בקניון עיר ימים - טום וג'רי הסרט",
        "url": "https://www.iryamim-mall.co.il/%D7%94%D7%9E%D7%92%D7%96%D7%99%D7%9F/?fbclid=IwAR3SH73V0gGtu5q-omzeTxKTquX2S8UBK8B5qI_UaEP__Ik8-qA-6jIUdYA"
    },
    {
        "date": "2022-07-24",
        "city": "הרצליה",
        "day": "ראשון",
        "startHour": "18:30",
        "activityType": "הופעה",
        "category": "מבוגרים",
        "details": "מופעי קיץ בגן בן שפר - מופע מרכזי של חנן יובל",
        "url": "https://www.herzliya.muni.il/events/2848/"
    },
    {
        "date": "2022-07-25",
        "city": "יבנה",
        "day": "שני",
        "startHour": "17:00",
        "activityType": "הפעלות ילדים",
        "category": "ילדים",
        "details": "הפניגנ בפארק הנחל - מתנפחים, סדנאות יצירה והופעת ילדים: ספורטולי",
        "url": "https://www.matnasyavne.co.il/html5/EventProLookup.taf?_id=39038&did=4447&G="
    },
    {
        "date": "2022-07-25",
        "city": "ראשון לציון",
        "day": "שני",
        "startHour": "18:00",
        "activityType": "סרט",
        "category": "ילדים",
        "details": "הקרנת סרט על מסך ענק - הנה בא הגראמפ - בקאנטרי 360 בנחלת יהודה",
        "url": "https://www.rishonlezion.muni.il/Lists/List3/CustomDispForm.aspx?ID=3051"
    },
    {
        "date": "2022-07-25",
        "city": "ראשון לציון",
        "day": "שני",
        "startHour": "20:00",
        "activityType": "סרט",
        "category": "ילדים",
        "details": "הקרנת סרט על מסך ענק - כלבים נגד חתולים - בקאנטרי 360 בנחלת יהודה",
        "url": "https://www.rishonlezion.muni.il/Lists/List3/CustomDispForm.aspx?ID=3051"
    },
    {
        "date": "2022-07-25",
        "city": "הוד השרון",
        "day": "שני",
        "startHour": "17:00",
        "activityType": "הופעה",
        "category": "ילדים",
        "details": "הופעה של כוכבי ילדים במתחם שרונים ברחבה המרכזית בקומת הקרקע - קופיקו",
        "url": "https://www.facebook.com/sharonim.mall/posts/5802229556457853"
    },
    {
        "date": "2022-07-25",
        "city": "נתניה",
        "day": "שני",
        "startHour": "17:30",
        "activityType": "הצגה",
        "category": "ילדים",
        "details": "הצגה לילדים בקניון עיר ימים בקומת הפארק - הפיל הצבעוני",
        "url": "https://www.iryamim-mall.co.il/%D7%94%D7%9E%D7%92%D7%96%D7%99%D7%9F/?fbclid=IwAR2cANJobX5uTb16WenrlzglpS5eC30lnMUjbPidcEE1nPFbTxZ7c5tPN_Q"
    },
    {
        "date": "2022-07-25",
        "city": "גבעתיים",
        "day": "שני",
        "startHour": "17:00",
        "activityType": "הפעלות ילדים",
        "category": "ילדים",
        "details": "הפעלות, סדנאות יצירה ומופע מוזיקלי בגן סולד",
        "url": "https://www.givatayim.muni.il/events/1156/"
    },
    {
        "date": "2022-07-25",
        "city": "גבעתיים",
        "day": "שני",
        "startHour": "20:00",
        "activityType": "סרט",
        "category": "משפחה",
        "details": "הקרנת סרט לכל המשפחה ברחבת בית ראשונים ",
        "url": "https://www.givatayim.muni.il/1104/"
    },
    {
        "date": "2022-07-25",
        "city": "רמת השרון",
        "day": "שני",
        "startHour": "17:00",
        "activityType": "הפעלות ילדים",
        "category": "ילדים",
        "details": "חגיגת קיץ במוזיאון רמת השרון, סדנאות חוויתיות עם קיר טיפוס ואומגה. מגיל 5 ומעלה",
        "url": "https://ramat-hasharon.muni.il/events/%d7%97%d7%92%d7%99%d7%92%d7%aa-%d7%a7%d7%99%d7%a5-%d7%91%d7%9e%d7%95%d7%96%d7%99%d7%90%d7%95%d7%9f-%d7%a1%d7%93%d7%a0%d7%90%d7%95%d7%aa-%d7%97%d7%95%d7%95%d7%99%d7%99%d7%aa%d7%99%d7%95%d7%aa-%d7%a2/"
    },
    {
        "date": "2022-07-25",
        "city": "תל אביב",
        "day": "שני",
        "startHour": "20:00",
        "activityType": "סרט",
        "category": "ילדים",
        "details": "סרטי דיסני (בדיבוב לעברית) על מסך ענק בנמל תל אביב - לוקה",
        "url": "https://www.namal.co.il/events/%d7%a1%d7%a8%d7%98%d7%99-%d7%93%d7%99%d7%a1%d7%a0%d7%99-%d7%94%d7%90%d7%94%d7%95%d7%91%d7%99%d7%9d-%d7%91%d7%94%d7%a7%d7%a8%d7%a0%d7%94-%d7%a2%d7%9c-%d7%9e%d7%a1%d7%9a-%d7%a2%d7%a0%d7%a7-%d7%94/"
    },
    {
        "date": "2022-07-25",
        "city": "רמת גן",
        "day": "שני",
        "startHour": "19:00",
        "activityType": "סרט",
        "category": "ילדים",
        "details": "הקרנת סרט ילדים בפארק הלאומי - כלב מי שמנגן 2",
        "url": "https://www.ramat-gan.muni.il/?catid=%7B612E75F0-8334-49EB-90B6-E3E71B42B8CC%7D"
    },
    {
        "date": "2022-07-25",
        "city": "רמת גן",
        "day": "שני",
        "startHour": "21:00",
        "activityType": "סרט",
        "category": "מבוגרים",
        "details": "הקרנת סרט מבוגרים בפארק הלאומי - אנצ'רטד",
        "url": "https://www.ramat-gan.muni.il/?catid=%7B612E75F0-8334-49EB-90B6-E3E71B42B8CC%7D"
    },
    {
        "date": "2022-07-25",
        "city": "יהוד",
        "day": "שני",
        "startHour": "18:00",
        "activityType": "סרט",
        "category": "ילדים",
        "details": "סרט ילדים במרכז ביג יהוד (קומה 2 ליד המסעדות) הנה בא הגראמפ (פופקורן וברד חינם)",
        "url": "https://lpc.fixdigital.co.il/BIG_yahud_movies/?fbclid=IwAR2_eHvgf3NPqtNTPsjlAVMc7FkcTxzup7Caw_OVM6Ng4HbJ52Pe9EpIcxs"
    },
    {
        "date": "2022-07-26",
        "city": "ראשון לציון",
        "day": "שלישי",
        "startHour": "17:30",
        "activityType": "הפעלות ילדים",
        "category": "ילדים",
        "details": "מסיבות גן בגנים ציבוריים - מופעים, מתנפחים, סדנאות ועוד. רשימת הגינות בפרטים הנוספים ",
        "url": "https://www.rishonlezion.muni.il/Lists/List3/CustomDispForm.aspx?ID=3043"
    },
    {
        "date": "2022-07-26",
        "city": "תל אביב",
        "day": "שלישי",
        "startHour": "20:00",
        "activityType": "סרט",
        "category": "ילדים",
        "details": "קולנוע קיץ בפארק מנחם בגין (במתחם שתולים) - הסרט לוקה",
        "url": "https://park.co.il/events/begin_movies_0722/"
    },
    {
        "date": "2022-07-26",
        "city": "תל אביב",
        "day": "שלישי",
        "startHour": "20:30",
        "activityType": "הופעה",
        "category": "מבוגרים",
        "details": "הופעות קיץ בשוק הפשפשים - טש טש (מוזיקה מחבל הקווקז)",
        "url": "https://www.tel-aviv.gov.il/Pages/MainItemPage.aspx?WebID=3af57d92-807c-43c5-8d5f-6fd455eb2776&ListID=969f7de3-0ac9-4a30-88f0-2e1a7281f3d0&ItemID=33808"
    },
    {
        "date": "2022-07-26",
        "city": "תל אביב",
        "day": "שלישי",
        "startHour": "18:30",
        "activityType": "מופע מוזיקלי",
        "category": "משפחה",
        "details": "מופע לכל המשפחה באמפי הטריבונה בנמל תל אביב - אקסודוס (מופע מוזיקה משולב אקרובטיקה)",
        "url": "https://www.namal.co.il/events/%d7%9e%d7%95%d7%a4%d7%a2%d7%99-%d7%aa%d7%99%d7%90%d7%98%d7%a8%d7%95%d7%9f-%d7%9e%d7%95%d7%96%d7%99%d7%a7%d7%9c%d7%99%d7%99%d7%9d-%d7%9c%d7%9b%d7%9c-%d7%94%d7%9e%d7%a9%d7%a4%d7%97%d7%94-%d7%91%d7%aa/"
    },
    {
        "date": "2022-07-26",
        "city": "תל אביב",
        "day": "שלישי",
        "startHour": "20:00",
        "activityType": "סרט",
        "category": "מבוגרים",
        "details": "סרטי דוקאביב תחת כיפת השמיים בפארק התחנה - אנחנו האלף. 1,000 רוקיסטים, שיר אחד",
        "url": "https://www.facebook.com/events/564266732013276/564266735346609/?active_tab=discussion"
    },
    {
        "date": "2022-07-26",
        "city": "גבעתיים",
        "day": "שלישי",
        "startHour": "17:00",
        "activityType": "הפעלות ילדים",
        "category": "ילדים",
        "details": "הפעלות, סדנאות יצירה ומופע מוזיקלי בגן פועלי הרכבת",
        "url": "https://www.givatayim.muni.il/1104/"
    },
    {
        "date": "2022-07-26",
        "city": "רמת השרון",
        "day": "שלישי",
        "startHour": "20:00",
        "activityType": "סרט",
        "category": "משפחה",
        "details": "הקרנת סרט לכל המשפחה בפארק אלכסנדרוני",
        "url": "https://online.fliphtml5.com/glhma/zfqm/?fbclid=IwAR0ZmITFvoA5a8M8Y3FxKnWT5qRq0kbWtJx7BtX9YIAKsEHe3HsEKj254io#p=20"
    },
    {
        "date": "2022-07-26",
        "city": "רמת השרון",
        "day": "שלישי",
        "startHour": "20:00",
        "activityType": "הופעה",
        "category": "מבוגרים",
        "details": "תזמורת סימפונט רעננה בקונצרט הומוריסטי עם שירים משעשעים ברחבת יד לבנים",
        "url": "https://ramat-hasharon.muni.il/events/%d7%99%d7%95%d7%9d-%d7%99%d7%95%d7%9d-%d7%97%d7%92-%d7%a1%d7%99%d7%9e%d7%a4%d7%95%d7%a0%d7%98-%d7%a8%d7%a2%d7%a0%d7%a0%d7%94/"
    },
    {
        "date": "2022-07-26",
        "city": "רעננה",
        "day": "שלישי",
        "startHour": "18:00",
        "activityType": "סרט",
        "category": "ילדים",
        "details": "משאית הסרטים של רעננה: הסרט סקובי דו בגינת טרזן",
        "url": "https://tickets.raanana.muni.il/%D7%A1%D7%93%D7%A8%D7%AA_%D7%A1%D7%A8%D7%98%D7%99%D7%9D_%D7%A2%D7%9C_%D7%92%D7%9C%D7%92%D7%9C%D7%99%D7%9D_%D7%91%D7%A9%D7%9B%D7%95%D7%A0%D7%95%D7%AA_"
    },
    {
        "date": "2022-07-26",
        "city": "בת ים",
        "day": "שלישי",
        "startHour": "20:30",
        "activityType": "סרט",
        "category": "מבוגרים",
        "details": "הקרנת סרט ומפגש עם היוצר - התזמורת עם הכלים השבורים - בדשא שסמוך למוזיאון לאומנות עכשוית",
        "url": "https://www.coing.co/BatYam_Summer/62786"
    },
    {
        "date": "2022-07-26",
        "city": "כפר סבא",
        "day": "שלישי",
        "startHour": "20:00",
        "activityType": "סרט",
        "category": "ילדים",
        "details": "הקרנת סרט בפארק העירוני: סקובידו",
        "url": "https://www.kfar-saba.muni.il/events/1616/"
    },
    {
        "date": "2022-07-26",
        "city": "מודיעין",
        "day": "שלישי",
        "startHour": "20:00",
        "activityType": "סרט",
        "category": "ילדים",
        "details": "הקרנת סרט על מסך ענק בפארק ענבה: הקול בראש",
        "url": "https://www.modiin.muni.il/ModiinWebSite/ArticlePage.aspx?PageID=1435_9433"
    },
    {
        "date": "2022-07-27",
        "city": "ראשון לציון",
        "day": "רביעי",
        "startHour": "18:00",
        "activityType": "סרט",
        "category": "ילדים",
        "details": "הקרנת סרט על מסך ענק - שכחו אותי בגלקסיה - בגן הרקפות",
        "url": "https://www.rishonlezion.muni.il/Lists/List3/CustomDispForm.aspx?ID=3052"
    },
    {
        "date": "2022-07-27",
        "city": "ראשון לציון",
        "day": "רביעי",
        "startHour": "20:00",
        "activityType": "סרט",
        "category": "ילדים",
        "details": "הקרנת סרט על מסך ענק - מואנה - בגן הרקפות",
        "url": "https://www.rishonlezion.muni.il/Lists/List3/CustomDispForm.aspx?ID=3052"
    },
    {
        "date": "2022-07-27",
        "city": "הרצליה",
        "day": "רביעי",
        "startHour": "18:00",
        "activityType": "סרט",
        "category": "ילדים",
        "details": "סרט ילדים - אנקאנטו - ברחבת שער העיר",
        "url": "https://www.herzliya.muni.il/events/2873/"
    },
    {
        "date": "2022-07-27",
        "city": "הרצליה",
        "day": "רביעי",
        "startHour": "20:00",
        "activityType": "סרט",
        "category": "מבוגרים",
        "details": "סרט מבוגרים - עולה לראש - ברחבת שער העיר",
        "url": "https://www.herzliya.muni.il/events/2880/"
    },
    {
        "date": "2022-07-27",
        "city": "כפר סבא",
        "day": "רביעי",
        "startHour": "20:00",
        "activityType": "סרט",
        "category": "ילדים",
        "details": "סרט קולנוע בפארק העירוני בכפר סבא - סקובידו",
        "url": "https://www.kfar-saba.muni.il/events/1615/"
    },
    {
        "date": "2022-07-27",
        "city": "כפר סבא",
        "day": "רביעי",
        "startHour": "20:00",
        "activityType": "הופעה",
        "category": "מבוגרים",
        "details": "מסיבת שנות השמונים בכיכר העיר, עם דני בסן, מני בגר ואילנה אביטל",
        "url": "https://www.kfar-saba.muni.il/events/1544/"
    },
    {
        "date": "2022-07-27",
        "city": "יהוד",
        "day": "רביעי",
        "startHour": "18:00",
        "activityType": "סרט",
        "category": "ילדים",
        "details": "סרט ילדים במרכז ביג יהוד (קומה 2 ליד המסעדות) משפחה בהחלפה (פופקורן וברד חינם)",
        "url": "https://lpc.fixdigital.co.il/BIG_yahud_movies/?fbclid=IwAR2_eHvgf3NPqtNTPsjlAVMc7FkcTxzup7Caw_OVM6Ng4HbJ52Pe9EpIcxs"
    },
    {
        "date": "2022-07-27",
        "city": "הרצליה",
        "day": "רביעי",
        "startHour": "18:00",
        "activityType": "פסטיבל",
        "category": "משפחה",
        "details": "פסטיבל האוכל במרינה עם הופעה של לקהת קרניבנד - מופע מחווה ללהקת אבבא",
        "url": "https://www.herzliya.muni.il/events/2958/"
    },
    {
        "date": "2022-07-27",
        "city": "רמת גן",
        "day": "רביעי",
        "startHour": "17:00",
        "activityType": "הפעלות ילדים",
        "category": "ילדים",
        "details": "מתנחים והפעלות לילדים בבית ספר גבעולים (שכונת הגפן)",
        "url": "https://www.ramat-gan.muni.il/files/ramatgani-2022-summer-events/10/"
    },
    {
        "date": "2022-07-27",
        "city": "רמת גן",
        "day": "רביעי",
        "startHour": "17:00",
        "activityType": "הפעלות ילדים",
        "category": "ילדים",
        "details": "מתנחים והפעלות לילדים בגן ויצו (רמת השקמה)",
        "url": "https://www.ramat-gan.muni.il/files/ramatgani-2022-summer-events/10/"
    },
    {
        "date": "2022-07-27",
        "city": "רמת גן",
        "day": "רביעי",
        "startHour": "20:00",
        "activityType": "סרט",
        "category": "משפחה",
        "details": "הקרנת סרט ברמת אפעל במרכז המסחרי",
        "url": "https://www.ramat-gan.muni.il/files/ramatgani-2022-summer-events/10/"
    },
    {
        "date": "2022-07-27",
        "city": "תל אביב",
        "day": "רביעי",
        "startHour": "21:00",
        "activityType": "סרט",
        "category": "משפחה",
        "details": "קולנוע ביפו העתיקה - הסרט שמתי ברז למורה - באמפי תירוש בגן הפסגה",
        "url": "https://www.tel-aviv.gov.il/Pages/MainItemPage.aspx?WebID=3af57d92-807c-43c5-8d5f-6fd455eb2776&ListID=969f7de3-0ac9-4a30-88f0-2e1a7281f3d0&ItemID=33548"
    },
    {
        "date": "2022-07-27",
        "city": "רעננה",
        "day": "רביעי",
        "startHour": "17:30",
        "activityType": "הופעה",
        "category": "ילדים",
        "details": "סאמר וייבס בקניון רננים - הופעה של יובל המבולבל",
        "url": "https://www.renanim.co.il/event/%d7%99%d7%95%d7%91%d7%9c-%d7%94%d7%9e%d7%91%d7%95%d7%9c%d7%91%d7%9c/"
    },
    {
        "date": "2022-07-28",
        "city": "ראשון לציון",
        "day": "חמישי",
        "startHour": "17:30",
        "activityType": "הפעלות ילדים",
        "category": "ילדים",
        "details": "היער הקסום בגן המושבה. מופע קרקס, תיאטרון בובות, מתנפחים, סדנאות יצירה ועוד",
        "url": "https://user-1723486.cld.bz/rishonlezion-summer-2022/10/"
    },
    {
        "date": "2022-07-28",
        "city": "רמת גן",
        "day": "חמישי",
        "startHour": "17:00",
        "activityType": "הפעלות ילדים",
        "category": "ילדים",
        "details": "יריד איכרים ומסיבת אוזניות בגן כהנא בשיכון ותיקים",
        "url": "https://www.ramat-gan.muni.il/files/ramatgani-2022-summer-events/10/"
    },
    {
        "date": "2022-07-28",
        "city": "גבעתיים",
        "day": "חמישי",
        "startHour": "17:00",
        "activityType": "הפעלות ילדים",
        "category": "ילדים",
        "details": "הפעלות, משחקים ומופע של לירון איש האווירון בגן יפה",
        "url": "https://www.givatayim.muni.il/1104/"
    },
    {
        "date": "2022-07-28",
        "city": "הרצליה",
        "day": "חמישי",
        "startHour": "18:00",
        "activityType": "פסטיבל",
        "category": "משפחה",
        "details": "פסטיבל האוכל במרינה בהרצליה עם הופעה של לקהת D-BAND",
        "url": "https://www.herzliya.muni.il/events/2958/"
    },
    {
        "date": "2022-07-28",
        "city": "תל אביב",
        "day": "חמישי",
        "startHour": "18:00",
        "activityType": "הופעה",
        "category": "משפחה",
        "details": "שרונה חי בפארק - יריד מעצבים והופעה של רונה קינן",
        "url": "https://www.tel-aviv.gov.il/Pages/MainItemPage.aspx?WebID=3af57d92-807c-43c5-8d5f-6fd455eb2776&ListID=969f7de3-0ac9-4a30-88f0-2e1a7281f3d0&ItemID=32300"
    },
    {
        "date": "2022-07-28",
        "city": "תל אביב",
        "day": "חמישי",
        "startHour": "18:30",
        "activityType": "הופעה",
        "category": "משפחה",
        "details": "להקת העכבישים מפלוטו חוגגים 50 שנה לאלבום זיגי סטארדאסט (דיוויד בואי) בפארק אדית וולפסון",
        "url": "https://www.facebook.com/events/525300842618748/525300859285413?acontext=%7B%22event_action_history%22%3A[%7B%22surface%22%3A%22external%22%7D%2C%7B%22mechanism%22%3A%22surface%22%2C%22surface%22%3A%22permalink%22%7D]%2C%22ref_notif_type%22%3Anull%7D"
    },
    {
        "date": "2022-07-28",
        "city": "יבנה",
        "day": "חמישי",
        "startHour": "17:00",
        "activityType": "הפעלות ילדים",
        "category": "ילדים",
        "details": "הפנינג בפארק הסנהדרין - מתנפחים, סדנאות יצירה והופעת ילדים: רוי בוי",
        "url": "https://www.matnasyavne.co.il/html5/EventProLookup.taf?_id=39030&did=4447&G="
    },
    {
        "date": "2022-07-29",
        "city": "מודיעין",
        "day": "שישי",
        "startHour": "16:00",
        "activityType": "מסיבה",
        "category": "משפחה",
        "details": "מסיבת מזרקות בפארק ענבה - מסיבת ריקודים עם די.גי אילון עומר",
        "url": "https://www.modiin.muni.il/ModiinWebSite/ArticlePage.aspx?PageID=1435_9433"
    },
    {
        "date": "2022-07-30",
        "city": "ראשון לציון",
        "day": "שבת",
        "startHour": "10:30",
        "activityType": "הפעלות ילדים",
        "category": "ילדים",
        "details": "היער הקסום בגן המושבה. הצגה דון בדמיון, הצגה להפיל את הפיל, מתנפחים, סדנאות יצירה ועוד",
        "url": "https://www.rishonlezion.muni.il/Lists/List3/CustomDispForm.aspx?ID=3068"
    },
    {
        "date": "2022-07-30",
        "city": "רמת השרון",
        "day": "שבת",
        "startHour": "20:30",
        "activityType": "הופעה",
        "category": "מבוגרים",
        "details": "עילאי בוטנר וילדי החוץ במופע להיטים בפארק הנצח",
        "url": "https://ramat-hasharon.muni.il/events/%d7%90%d7%99%d7%a8%d7%95%d7%a2%d7%99-%d7%a7%d7%99%d7%a5-%d7%a2%d7%99%d7%9c%d7%99-%d7%91%d7%95%d7%98%d7%a0%d7%a8-%d7%95%d7%99%d7%9c%d7%93%d7%99-%d7%94%d7%97%d7%95%d7%a5/"
    },
    {
        "date": "2022-07-30",
        "city": "יהוד",
        "day": "שבת",
        "startHour": "11:00",
        "activityType": "סרט",
        "category": "ילדים",
        "details": "סרט ילדים במרכז ביג יהוד (קומה 2 ליד המסעדות) שודדי הפיצוחים 2 (פופקורן וברד חינם)",
        "url": "https://lpc.fixdigital.co.il/BIG_yahud_movies/?fbclid=IwAR2_eHvgf3NPqtNTPsjlAVMc7FkcTxzup7Caw_OVM6Ng4HbJ52Pe9EpIcxs"
    },
    {
        "date": "2022-07-30",
        "city": "תל אביב",
        "day": "שבת",
        "startHour": "20:30",
        "activityType": "הופעה",
        "category": "מבוגרים",
        "details": "צלילי קיץ ברחבת המשכן לאומניות הבמה - מתוק מדבש, סיפורי מיטב הלהיטים משנות ה-50 וה-60",
        "url": "https://www.facebook.com/events/746941209957348/?ref=newsfeed"
    },
    {
        "date": "2022-07-30",
        "city": "הרצליה",
        "day": "שבת",
        "startHour": "19:00",
        "activityType": "הופעה",
        "category": "מבוגרים",
        "details": "קונצרטים בפארק הרצליה - גיל שוחט ואנסמבל פוליפוניה מארחים את ואלרי חמאתי ודניאלה לוגסי",
        "url": "https://www.herzliya.muni.il/events/2881/"
    },
    {
        "date": "2022-07-31",
        "city": "נתניה",
        "day": "ראשון",
        "startHour": "20:00",
        "activityType": "סרט",
        "category": "ילדים",
        "details": "סרט ילדים ברחבת הפארק בקניון עיר ימים - שיגועים ודרקונים",
        "url": "https://www.iryamim-mall.co.il/%D7%94%D7%9E%D7%92%D7%96%D7%99%D7%9F/?fbclid=IwAR3SH73V0gGtu5q-omzeTxKTquX2S8UBK8B5qI_UaEP__Ik8-qA-6jIUdYA"
    },
    {
        "date": "2022-08-01",
        "city": "ראשון לציון",
        "day": "שני",
        "startHour": "18:00",
        "activityType": "סרט",
        "category": "ילדים",
        "details": "הקרנת סרט על מסך ענק - אגדה עם זנב - בפארק אשלים",
        "url": "https://www.rishonlezion.muni.il/Lists/List3/CustomDispForm.aspx?ID=3053"
    },
    {
        "date": "2022-08-01",
        "city": "ראשון לציון",
        "day": "שני",
        "startHour": "20:00",
        "activityType": "סרט",
        "category": "ילדים",
        "details": "הקרנת סרט על מסך ענק - משפחה בהחלפה - בפארק אשלים",
        "url": "https://www.rishonlezion.muni.il/Lists/List3/CustomDispForm.aspx?ID=3053"
    },
    {
        "date": "2022-08-01",
        "city": "רמת השרון",
        "day": "שני",
        "startHour": "17:30",
        "activityType": "הצגה",
        "category": "ילדים",
        "details": "הצגת תיאטרון אורנה פורת בפארק הנצח - פלפלים, מופע שירי קלאסיקה לילדים ולהורים",
        "url": "https://ramat-hasharon.muni.il/events/%d7%90%d7%99%d7%a8%d7%95%d7%a2%d7%99-%d7%a7%d7%99%d7%a5-%d7%9c%d7%99%d7%9c%d7%93%d7%99%d7%9d-%d7%94%d7%a6%d7%92%d7%aa-%d7%aa%d7%90%d7%98%d7%a8%d7%95%d7%9f-%d7%90%d7%95%d7%a8%d7%a0%d7%94-%d7%a4%d7%95-2/"
    },
    {
        "date": "2022-08-01",
        "city": "יהוד",
        "day": "שני",
        "startHour": "18:00",
        "activityType": "סרט",
        "category": "ילדים",
        "details": "סרט ילדים במרכז ביג יהוד (קומה 2 ליד המסעדות) קדימה (פופקורן וברד חינם)",
        "url": "https://lpc.fixdigital.co.il/BIG_yahud_movies/?fbclid=IwAR2_eHvgf3NPqtNTPsjlAVMc7FkcTxzup7Caw_OVM6Ng4HbJ52Pe9EpIcxs"
    },
    {
        "date": "2022-08-02",
        "city": "בת ים",
        "day": "שלישי",
        "startHour": "20:30",
        "activityType": "סרט",
        "category": "מבוגרים",
        "details": "סרט נע - הקרנת הסרט פיגומים ומפגש עם היוצר, על הדשא שסמוך למוזיאון לאומנות עכשוית",
        "url": "https://www.coing.co/BatYam_Summer/62787"
    },
    {
        "date": "2022-08-02",
        "city": "תל אביב",
        "day": "שלישי",
        "startHour": "20:30",
        "activityType": "הופעה",
        "category": "מבוגרים",
        "details": "הופעות קיץ בשוק הפשפשים - לה קומבינה סאונד סיסטם (כלים חיים וביט אלקטרוני)",
        "url": "https://www.tel-aviv.gov.il/Pages/MainItemPage.aspx?WebID=3af57d92-807c-43c5-8d5f-6fd455eb2776&ListID=969f7de3-0ac9-4a30-88f0-2e1a7281f3d0&ItemID=33808"
    },
    {
        "date": "2022-08-02",
        "city": "תל אביב",
        "day": "שלישי",
        "startHour": "18:30",
        "activityType": "מופע מוזיקלי",
        "category": "משפחה",
        "details": "מופע לכל המשפחה באמפי תיאטרון הטריבונה בנמל תל אביב - דון בדמיון ",
        "url": "https://www.namal.co.il/events/%d7%9e%d7%95%d7%a4%d7%a2%d7%99-%d7%aa%d7%99%d7%90%d7%98%d7%a8%d7%95%d7%9f-%d7%9e%d7%95%d7%96%d7%99%d7%a7%d7%9c%d7%99%d7%99%d7%9d-%d7%9c%d7%9b%d7%9c-%d7%94%d7%9e%d7%a9%d7%a4%d7%97%d7%94-%d7%91%d7%aa/"
    },
    {
        "date": "2022-08-02",
        "city": "רמת השרון",
        "day": "שלישי",
        "startHour": "18:00",
        "activityType": "הפעלות ילדים",
        "category": "ילדים",
        "details": "מסיבת קיץ לכל המשפחה עם תותח קצף, די.ג'י, דוכן שייקים, קעקועים ועוד, בגינת שבת אחים",
        "url": "https://online.fliphtml5.com/glhma/zfqm/?fbclid=IwAR1zke_nvzBC3ipwARIGo-e3uOEMZ640j0dTScNIYNNKFQvqNTK6cLAcd5Y#p=24"
    },
    {
        "date": "2022-08-02",
        "city": "מודיעין",
        "day": "שלישי",
        "startHour": "20:00",
        "activityType": "סרט",
        "category": "ילדים",
        "details": "הקרנת סרט על מסך ענק בפארק ענבה: קדימה",
        "url": "https://www.modiin.muni.il/ModiinWebSite/ArticlePage.aspx?PageID=1435_9433"
    },
    {
        "date": "2022-08-03",
        "city": "ראשון לציון",
        "day": "רביעי",
        "startHour": "18:00",
        "activityType": "סרט",
        "category": "ילדים",
        "details": "הקרנת סרט על מסך ענק - קרקס החיות - בגן בית הלוי בנאות שקמה",
        "url": "https://www.rishonlezion.muni.il/Lists/List3/CustomDispForm.aspx?ID=3054"
    },
    {
        "date": "2022-08-03",
        "city": "ראשון לציון",
        "day": "רביעי",
        "startHour": "20:00",
        "activityType": "סרט",
        "category": "ילדים",
        "details": "הקרנת סרט על מסך ענק - ספייס - בגן בית הלוי בנאות שקמה",
        "url": "https://www.rishonlezion.muni.il/Lists/List3/CustomDispForm.aspx?ID=3054"
    },
    {
        "date": "2022-08-03",
        "city": "הרצליה",
        "day": "רביעי",
        "startHour": "18:00",
        "activityType": "סרט",
        "category": "ילדים",
        "details": "סרט ילדים - לשיר 2 - ברחבת שער העיר",
        "url": "https://www.herzliya.muni.il/events/2874/"
    },
    {
        "date": "2022-08-03",
        "city": "יהוד",
        "day": "רביעי",
        "startHour": "18:00",
        "activityType": "סרט",
        "category": "ילדים",
        "details": "סרט ילדים במרכז ביג יהוד (קומה 2 ליד המסעדות) לוקה (פופקורן וברד חינם)",
        "url": "https://lpc.fixdigital.co.il/BIG_yahud_movies/?fbclid=IwAR2_eHvgf3NPqtNTPsjlAVMc7FkcTxzup7Caw_OVM6Ng4HbJ52Pe9EpIcxs"
    },
    {
        "date": "2022-08-04",
        "city": "תל אביב",
        "day": "חמישי",
        "startHour": "18:00",
        "activityType": "הופעה",
        "category": "משפחה",
        "details": "שרונה חי בפארק - יריד מעצבים והופעה של לולה מארש",
        "url": "https://www.tel-aviv.gov.il/Pages/MainItemPage.aspx?WebID=3af57d92-807c-43c5-8d5f-6fd455eb2776&ListID=969f7de3-0ac9-4a30-88f0-2e1a7281f3d0&ItemID=32300"
    },
    {
        "date": "2022-08-08",
        "city": "ראשון לציון",
        "day": "שני",
        "startHour": "18:00",
        "activityType": "סרט",
        "category": "ילדים",
        "details": "הקרנת סרט על מסך ענק - \"בקצב הג'ונגל\" בגן ראשונים",
        "url": "https://www.rishonlezion.muni.il/Lists/List3/CustomDispForm.aspx?ID=3055"
    },
    {
        "date": "2022-08-08",
        "city": "ראשון לציון",
        "day": "שני",
        "startHour": "20:00",
        "activityType": "סרט",
        "category": "ילדים",
        "details": "הקרנת סרט על מסך ענק - \"פיטר ראביט\" בגן ראשונים",
        "url": "https://www.rishonlezion.muni.il/Lists/List3/CustomDispForm.aspx?ID=3055"
    },
    {
        "date": "2022-08-08",
        "city": "יהוד",
        "day": "שני",
        "startHour": "18:00",
        "activityType": "סרט",
        "category": "ילדים",
        "details": "סרט ילדים במרכז ביג יהוד (קומה 2 ליד המסעדות) מלך האריות (פופקורן וברד חינם)",
        "url": "https://lpc.fixdigital.co.il/BIG_yahud_movies/?fbclid=IwAR2_eHvgf3NPqtNTPsjlAVMc7FkcTxzup7Caw_OVM6Ng4HbJ52Pe9EpIcxs"
    }
]